{
    "EN": {
        "skillNames": {
            "0": "None",
            "1": "Burst Strike",
            "2": "Cloudward Slash",
            "3": "Shield Pummel",
            "4": "Full Moon Slash",
            "5": "Launchboard",
            "6": "Shield Drum",
            "7": "Gutting Skewer",
            "8": "Hindsight Sweep",
            "9": "Flawless Guard",
            "10": "Vengeful Slash",
            "11": "Divine Defense",
            "12": "Riotous Fury",
            "13": "Manifold Shot",
            "14": "Cascade Shot",
            "15": "Deathly Arrow",
            "16": "Lyncean Sight",
            "17": "Erupting Shot",
            "18": "Deluging Shot",
            "19": "Incendiary Shot",
            "20": "Nocuous Shot",
            "21": "Tempest Shot",
            "22": "Spiral Arrow",
            "23": "Heavenly Shot",
            "24": "High Flagration",
            "25": "High Levin",
            "26": "High Frigor",
            "27": "High Spellhold",
            "28": "High Palladium",
            "29": "Fire Affinity",
            "30": "Ice Affinity",
            "31": "Lighting Affnity",
            "32": "High Empyrean",
            "33": "High Halidom",
            "34": "High Celerity",
            "35": "Argent Succor",
            "36": "High Solemnity",
            "37": "Celestial Paean",
            "38": "Cutting Wind",
            "39": "Skull Splitter",
            "40": "Implicate",
            "41": "Masterful Kill",
            "42": "Formless Feint",
            "43": "Draw and Quarter",
            "44": "Ignited Blades",
            "45": "Smoke Shroud",
            "46": "Powder Blast",
            "47": "Concussive Leap",
            "48": "Shadow Veil",
            "49": "Plunder",
            "50": "Ravening Lunge",
            "51": "Razing Sweep",
            "52": "Heavenward Sunder",
            "53": "Windstorm Slash",
            "54": "Diluvian Strike",
            "55": "Tidal Wrath",
            "56": "Roar",
            "57": "Mountain Breaker",
            "58": "Indomitable Lash",
            "59": "Inspirit",
            "60": "Catapult Launch",
            "61": "Arc of Might",
            "62": "High Salamander",
            "63": "High Hagol",
            "64": "High Thundermine",
            "65": "High Decanter",
            "66": "High Seism",
            "67": "Augural Flare",
            "68": "Meteoron",
            "69": "Maelstorm",
            "70": "Devout Offringe",
            "71": "Unto Heven",
            "72": "Ravinour's Hond",
            "73": "Dragouns Foin",
            "74": "Mirour Shelde",
            "75": "Seching Storm",
            "76": "Skiedragoun's Feste",
            "77": "Magike Speregonne",
            "78": "Moment's Charge",
            "79": "Wild Furie",
            "80": "Blazefang Arrow",
            "81": "Candescent Orb",
            "82": "Frosthunter Bolt",
            "83": "Arctic Bolt",
            "84": "Boltchain Stake",
            "85": "Ricochet Hunter",
            "86": "Lifetaking Arrow",
            "87": "Recovery Arrow",
            "88": "Fortalice",
            "89": "Soporific Bolt",
            "90": "Sagittate Avalanche",
            "91": "Martyr's Bolt",
            "92": "Illusive Divider",
            "93": "Tricky Terrace",
            "94": "Visitant Aura",
            "95": "Suffocating Shroud",
            "96": "Binding Effigy",
            "97": "Aromatic Resurgence",
            "98": "Fragrant Alarum",
            "99": "Dragon's Delusion",
            "100": "Rearmanent",
            "101": "Blades of the Pyre"
        },
        "jobNames": [
            "Fighter",
            "Archer",
            "Mage",
            "Thief",
            "Warrior",
            "Sorcerer",
            "Mystic Spearhand",
            "Magick Archer",
            "Trickster",
            "Warfarer"
        ]
    },
    "KR": {
        "skillNames": {
            "0": "없음",
            "1": "일섬찌르기 2",
            "2": "공렬참 2",
            "3": "쉴드 버스터 2",
            "4": "도려꿰기 2",
            "5": "공무의 방패 2",
            "6": "방패 유인 2",
            "7": "도려꿰기 2",
            "8": "돌려베기 2",
            "9": "플로리스 가드 2",
            "10": "카운터 슬래쉬 2",
            "11": "마스소울 2",
            "12": "퓨리오스 레이드",
            "13": "연속사격 2",
            "14": "부채쏘기 2",
            "15": "마무리사격 2",
            "16": "고요사격 2",
            "17": "화약화살소기 2",
            "18": "물적심 화살 쏘기 2",
            "19": "기름화살쏘기 2",
            "20": "독화살 쏘기 2",
            "21": "질풍사격 2",
            "22": "소용돌이 쏘기 2",
            "23": "귀신 쏘기",
            "24": "파이어스톰 2",
            "25": "썬더레인 2",
            "26": "프로스트 스파이크 2",
            "27": "스펠필링 2",
            "28": "에스코트 아니마 2",
            "29": "파이어 기프트 2",
            "30": "아이스 기프트 2",
            "31": "썬더 시프트 2",
            "32": "홀리스피어 2",
            "33": "큐어 스폿 2",
            "34": "헤이스트 스폿 2",
            "35": "어전트 리커버 2",
            "36": "포스트 사일런스 2",
            "37": "치어 오브 더 갓",
            "38": "칼바람 베기 2",
            "39": "단두대 2",
            "40": "끌어 당기기 2",
            "41": "흘리기 암살 2",
            "42": "허심의 극치",
            "43": "도려내 뽑기 2",
            "44": "대염인 2",
            "45": "연막 2",
            "46": "폭염선 2",
            "47": "폭풍 도약 2",
            "48": "은신 2",
            "49": "노획 2",
            "50": "전투신 찌르기 2",
            "51": "지평 베기 2",
            "52": "창천 베기 2",
            "53": "열풍참 2",
            "54": "대하 천공 2",
            "55": "밀물 떨치기 2",
            "56": "우렁찬 외침 2",
            "57": "대산사태 2",
            "58": "마인 베기 2",
            "59": "투지 발휘 2",
            "60": "공무의 어깨 2",
            "61": "퇴마검성참",
            "62": "샐러맨더 테일 2",
            "63": "블리자드 가이저 2",
            "64": "마인 볼트 2",
            "65": "라이프스틸 2",
            "66": "록 비트 2",
            "67": "개더링 플레어 2",
            "68": "볼텍스 레이저",
            "69": "메테오 폴",
            "70": "공물 바치기 2",
            "71": "절계보내기 2",
            "72": "탈취의 마수 2",
            "73": "비룡의 돌격 2",
            "74": "수호신의 옷 2",
            "75": "조준 마력 칼날 2",
            "76": "천룡의 송곳니 2",
            "77": "마창 발사 2",
            "78": "순간 차지 2",
            "79": "마구 물어뜯기",
            "80": "교염마살 2",
            "81": "천조마구 2",
            "82": "냉추마탄 2",
            "83": "빙괴마창 2",
            "84": "뇌쇄마항 2",
            "85": "도탄마종 2",
            "86": "전명마궁 2",
            "87": "명환마궁 2",
            "88": "항반마순 2",
            "89": "혼수마탄 2",
            "90": "무진마살 2",
            "91": "순신패마궁",
            "92": "미혹 벽의 연기 2",
            "93": "생시 바닥의 안개 2",
            "94": "영혼 분리의 허향 2",
            "95": "대확산의 연기 2",
            "96": "빙의하는 분신 2",
            "97": "분발의 열향 2",
            "98": "통찰의 형연 2",
            "99": "괴룡의 환영",
            "100": "무장 교체",
            "101": "절화초염인"
        },
        "jobNames": [
            "파이터",
            "궁수",
            "메이지",
            "도적",
            "워리어",
            "소서러",
            "마검사",
            "매직 아쳐",
            "환술사",
            "소생자"
        ]
    },
    "FR": {
        "skillNames": {
            "0": "Aucune",
            "1": "Coup eclair",
            "2": "Tranche-ciel",
            "3": "Frappe au bouclier",
            "4": "Lune sanglante",
            "5": "Tremplin",
            "6": "Provocation",
            "7": "Embrocher",
            "8": "Ruade feroce",
            "9": "Garde sans faille",
            "10": "Attaque vengeresse",
            "11": "Defense divine",
            "12": "Fureur impetueuse",
            "13": "Tir groupe",
            "14": "Tir circulaire",
            "15": "Fleche funeste",
            "16": "Oeil de lynx",
            "17": "Tir explosif",
            "18": "Tir humidifiant",
            "19": "Tir huileux",
            "20": "Tir empoisonne",
            "21": "Pluie de fleches",
            "22": "Fleche tourbillon",
            "23": "Tir astral",
            "24": "Conflagratoion",
            "25": "Tempete electrique",
            "26": "Banquise",
            "27": "Retention",
            "28": "Rempart",
            "29": "Charme de feu",
            "30": "Charme de glace",
            "31": "Charme de foudre",
            "32": "Empyree",
            "33": "Sanctum magna",
            "34": "Promptitude",
            "35": "Grace argentee",
            "36": "Solennite",
            "37": "Hymne celeste",
            "38": "Morsure du vent",
            "39": "Brise-crane",
            "40": "Capture",
            "41": "Assassinat",
            "42": "Insaisissable",
            "43": "Coupe-boyaux",
            "44": "Langues de feu",
            "45": "Ecran de fumee",
            "46": "Poudre du chaos",
            "47": "Pas explosif",
            "48": "Voile d'ombre",
            "49": "Larcin",
            "50": "Charge du demon",
            "51": "Coup de bucheron",
            "52": "Dechirure celeste",
            "53": "Ouragan lacerant",
            "54": "Lame diluvienne",
            "55": "Dent pour dent",
            "56": "Rugissement",
            "57": "Retourne-montagne",
            "58": "Rage du demon",
            "59": "Volonte des justes",
            "60": "Catapulte humaine",
            "61": "Jugement sacre",
            "62": "Salamandre",
            "63": "Grele",
            "64": "Puits de foudre",
            "65": "Siphon",
            "66": "Cataclysme",
            "67": "Fulmination premeditee",
            "68": "Pluie de meteores",
            "69": "Maelstrom",
            "70": "Lancer telekinetique",
            "71": "Expulsion",
            "72": "Main avide",
            "73": "Percee du dragon",
            "74": "Voile divin",
            "75": "Lames spectrales",
            "76": "Plongeon du dragon",
            "77": "Gungnir",
            "78": "Transfert vital",
            "79": "Fougue sauvage",
            "80": "Fleche ignescente",
            "81": "Orbe incandescent",
            "82": "Pourchas frigorifiant",
            "83": "Grelon cyclopeen",
            "84": "Pieu foudroyant",
            "85": "Ricochet",
            "86": "Fleche vampirique",
            "87": "Cadeau de l ange",
            "88": "Egide vindicative",
            "89": "Tir sedatif",
            "90": "Averse sagitee",
            "91": "Carreau de martyr",
            "92": "Frontiere illusoire",
            "93": "Sol traitre",
            "94": "Encens de dissociation",
            "95": "Nuage d egarement",
            "96": "Effigie persecutrice",
            "97": "Encens du berserker",
            "98": "Fragrance d affut",
            "99": "Illusion du dragon",
            "100": "Rearmenent",
            "101": "Lames du bucher"
        },
        "jobNames": [
            "Guerrier",
            "Archer",
            "Mage",
            "Voleur",
            "Champion",
            "Sorcier",
            "Chevalier mage",
            "Archer mage",
            "Illusionniste",
            "Conquerant"
        ]
    },
    "CN": {
        "skillNames": {
            "0": "无技能",
            "1": "一闪突刺",
            "2": "空裂斩",
            "3": "盾牌猛击",
            "4": "圆月斩",
            "5": "舞空之盾",
            "6": "盾牌引诱",
            "7": "剜心之击",
            "8": "转向斩击",
            "9": "完美防御",
            "10": "反击劈砍",
            "11": "战神之魂",
            "12": "狂怒之刃",
            "13": "连续射击",
            "14": "扇形射击",
            "15": "终结射击",
            "16": "缩距射击",
            "17": "火药箭射击",
            "18": "濡湿箭射击",
            "19": "浸油箭射击",
            "20": "追毒箭射击",
            "21": "怒涛射击",
            "22": "漩涡射击",
            "23": "鬼神射击",
            "24": "火焰风暴",
            "25": "雷电暴雨",
            "26": "冰霜之矛",
            "27": "咒语填充",
            "28": "护卫之灵",
            "29": "火焰的馈赠",
            "30": "冰霜的馈赠",
            "31": "雷电的馈赠",
            "32": "神圣灵珠",
            "33": "纯净法阵",
            "34": "极速法阵",
            "35": "紧急恢复",
            "36": "强制沉默",
            "37": "神之鼓励",
            "38": "镰鼬风",
            "39": "断头台",
            "40": "拉近",
            "41": "格挡暗杀",
            "42": "心如明镜",
            "43": "剜刺穿透",
            "44": "带炎刃",
            "45": "烟幕",
            "46": "爆炎线",
            "47": "爆跳",
            "48": "隐身",
            "49": "强夺",
            "50": "战神突刺",
            "51": "地平斩",
            "52": "苍天斩",
            "53": "烈风斩",
            "54": "贯江",
            "55": "退潮",
            "56": "勇吼",
            "57": "山崩地裂",
            "58": "魔人斩",
            "59": "斗志昂扬",
            "60": "舞空跳肩",
            "61": "退魔剑圣斩",
            "62": "火灵之尾",
            "63": "暴雪涌泉",
            "64": "雷暴伏特",
            "65": "生命窃取",
            "66": "岩石之击",
            "67": "火焰集束",
            "68": "流星陨落",
            "69": "暴怒龙卷",
            "70": "献上供品",
            "71": "送往绝界",
            "72": "掠夺魔手",
            "73": "飞龙突刺",
            "74": "反弹神衣",
            "75": "追踪魔刃",
            "76": "天龙之牙",
            "77": "魔枪发射",
            "78": "屏息蓄力",
            "79": "狂乱啃噬",
            "80": "噬炎魔矢",
            "81": "天照魔球",
            "82": "冷追魔弹",
            "83": "冰块魔枪",
            "84": "雷锁魔桩",
            "85": "跳弹魔使",
            "86": "转命魔弓",
            "87": "返命魔弓",
            "88": "抗反魔盾",
            "89": "昏睡魔弹",
            "90": "无尽魔矢",
            "91": "殉身霸魔弓",
            "92": "幻壁之烟",
            "93": "朦胧地板",
            "94": "出窍虚香",
            "95": "广域迷烟",
            "96": "附身幻影",
            "97": "振奋烈香",
            "98": "察知炯烟",
            "99": "妖龙之幻",
            "100": "快速切换武装",
            "101": "绝火超炎刃"
        },
        "jobNames": [
            "战士",
            "弓箭手",
            "法师",
            "盗贼",
            "斗士",
            "巫师",
            "魔剑士",
            "魔弓手",
            "幻术师",
            "龙选者"
        ]
    },
    "t_CN": {
        "skillNames": {
            "0": "無",
            "1": "突刺",
            "2": "裂空斬",
            "3": "盾牌猛擊",
            "4": "圓月斬",
            "5": "盾牌騰躍",
            "6": "盾牌挑釁",
            "7": "穿刺",
            "8": "閃避突刺",
            "9": "完美防禦",
            "10": "反擊斬",
            "11": "絕對防禦",
            "12": "狂襲",
            "13": "連射箭",
            "14": "散射箭",
            "15": "鑽心箭",
            "16": "狙擊箭",
            "17": "火藥箭",
            "18": "淋水箭",
            "19": "淋油箭",
            "20": "疫毒箭",
            "21": "怒濤箭",
            "22": "螺旋箭",
            "23": "鬼神箭",
            "24": "火焰風暴",
            "25": "閃電術",
            "26": "冰柱術",
            "27": "咒語保存",
            "28": "護衛之靈",
            "29": "火賦之術",
            "30": "冰賦之術",
            "31": "雷賦之術",
            "32": "聖光球",
            "33": "驅散結界",
            "34": "加速結界",
            "35": "緊急治療",
            "36": "強制緘默",
            "37": "神之鼓舞",
            "38": "鐮鼬斬",
            "39": "斷頭台",
            "40": "套索",
            "41": "流刃殺",
            "42": "無我境界",
            "43": "刨刺",
            "44": "帶炎刃",
            "45": "煙霧",
            "46": "爆炎線",
            "47": "爆跳",
            "48": "隱身",
            "49": "奪取",
            "50": "戰神突刺",
            "51": "平地斬",
            "52": "蒼天斬",
            "53": "烈風斬",
            "54": "穿河擊",
            "55": "裂潮擊",
            "56": "戰吼",
            "57": "崩山擊",
            "58": "魔人斬",
            "59": "鬥氣擊中",
            "60": "跳肩騰躍",
            "61": "退魔劍聖斬",
            "62": "火蜥之尾",
            "63": "暴雪吹襲",
            "64": "雷電陷阱",
            "65": "奪取生命",
            "66": "地震術",
            "67": "凝聚烈焰",
            "68": "流星火雨",
            "69": "龍捲風",
            "70": "高舉祭品",
            "71": "送入絕界",
            "72": "奪取魔手",
            "73": "飛龍突刺",
            "74": "防彈神衣",
            "75": "狙擊魔刃",
            "76": "天龍牙",
            "77": "發射魔槍",
            "78": "一舉續力",
            "79": "狂亂之噬",
            "80": "咬炎魔箭",
            "81": "天照魔球",
            "82": "冷追魔彈",
            "83": "冰塊魔槍",
            "84": "雷鎖魔樁",
            "85": "彈跳魔從",
            "86": "轉命魔弓",
            "87": "命還魔弓",
            "88": "抗反魔盾",
            "89": "昏睡魔彈",
            "90": "無盡魔箭",
            "91": "殉身霸魔弓",
            "92": "幻壁之煙",
            "93": "幻地之霞",
            "94": "離魂虛香",
            "95": "散播之煙",
            "96": "附身肖像",
            "97": "鼓舞烈香",
            "98": "察知炯煙",
            "99": "妖龍幻影",
            "100": "快速切換武器",
            "101": "絕火超炎刃"
        },
        "jobNames": [
            "戰士",
            "弓箭手",
            "法師",
            "盜賊",
            "鬥士",
            "巫師",
            "魔劍士",
            "魔弓手",
            "幻術師",
            "復甦者"
        ]
    }
}